"activity_id","provision_interval","population","geo"
"childcare-workers-state23","1856349.74057143","6267.76716","state23"
"childcare-workers-state33","1382233.61502857","6419.34058","state33"
"childcare-workers-state50","753152.868342857","2292.50382","state50"
"childcare-workers-state25","8618977.55194286","30758.62202","state25"
"childcare-workers-state44","896087.331428571","3418.9929","state44"
"childcare-workers-state09","3674712.31885714","14119.79764","state09"
"childcare-workers-state36","18697005.1973143","66923.88148","state36"
"childcare-workers-state34","7975242.28268571","30389.94148","state34"
"childcare-workers-state42","9996694.31211429","33198.63158","state42"
"childcare-workers-state39","9692363.14628571","36927.98666","state39"
"childcare-workers-state18","6114605.60708571","21011.66032","state18"
"childcare-workers-state17","12940658.0086286","41450.9574","state17"
"childcare-workers-state26","6778600.9884","27455.92538","state26"
"childcare-workers-state55","5817683.25342857","24574.4565","state55"
"childcare-workers-state27","7275525.79714286","29905.2349","state27"
"childcare-workers-state19","5504605.68411429","17018.4583","state19"
"childcare-workers-state29","3795863.57108571","14116.72738","state29"
"childcare-workers-state38","1226402.00571429","3918.14684","state38"
"childcare-workers-state46","1887623.1948","6243.19152","state46"
"childcare-workers-state31","2162858.97651429","6787.89128","state31"
"childcare-workers-state20","3359303.88137143","12346.18776","state20"
"childcare-workers-state10","1231496.94274286","3519.41078","state10"
"childcare-workers-state24","6512496.60428571","20706.69992","state24"
"childcare-workers-state11","518853.774857143","1597.20338","state11"
"childcare-workers-state51","9206895.86005714","34581.50022","state51"
"childcare-workers-state54","1518638.70977143","5094.27518","state54"
"childcare-workers-state37","6785624.07737143","25524.49008","state37"
"childcare-workers-state45","3414307.82297143","13773.47562","state45"
"childcare-workers-state13","6163337.14714286","24398.85846","state13"
"childcare-workers-state12","14205436.1374286","50106.78776","state12"
"childcare-workers-state21","2221717.55417143","8977.94102","state21"
"childcare-workers-state47","3526077.61251429","15355.42982","state47"
"childcare-workers-state01","3568383.05314286","13073.58314","state01"
"childcare-workers-state28","1335919.00628571","5208.53868","state28"
"childcare-workers-state05","2336029.47377143","8944.11158","state05"
"childcare-workers-state22","2829239.0424","12524.55226","state22"
"childcare-workers-state40","3102377.06537143","10255.16206","state40"
"childcare-workers-state48","18805857.5213143","67837.04174","state48"
"childcare-workers-state30","593666.485885714","2355.76436","state30"
"childcare-workers-state16","1584388.11857143","5633.39416","state16"
"childcare-workers-state56","611332.755428571","1939.73466","state56"
"childcare-workers-state08","5497358.35268571","18447.92666","state08"
"childcare-workers-state35","1689738.68314286","6047.70058","state35"
"childcare-workers-state04","2929426.57765714","11911.41072","state04"
"childcare-workers-state49","2314399.31725714","10263.80634","state49"
"childcare-workers-state32","1439159.20902857","6589.04216","state32"
"childcare-workers-state53","7567766.14817143","29596.4349","state53"
"childcare-workers-state41","3776310.186","12933.2408","state41"
"childcare-workers-state06","34362496.4607429","122132.18442","state06"
"childcare-workers-state02","667464.534514286","1931.47342","state02"
"childcare-workers-state15","662810.910342857","2948.38724","state15"
"cooks-chefs-state23","2525710.7688","9580.60418","state23"
"cooks-chefs-state33","3294160.10485714","10568.3504","state33"
"cooks-chefs-state50","1621031.90451429","5390.7506","state50"
"cooks-chefs-state25","12467229.5319429","45014.3017","state25"
"cooks-chefs-state44","1764790.54971429","6401.72672","state44"
"cooks-chefs-state09","7676513.5356","23846.74924","state09"
"cooks-chefs-state36","40814347.1142857","135887.83234","state36"
"cooks-chefs-state34","13481665.5966857","47666.08716","state34"
"cooks-chefs-state42","25801585.1897143","86440.51854","state42"
"cooks-chefs-state39","22557103.6114286","85850.0352","state39"
"cooks-chefs-state18","16220672.5268571","55772.59582","state18"
"cooks-chefs-state17","26291388.5756571","90380.48272","state17"
"cooks-chefs-state26","19982722.7569714","74412.55328","state26"
"cooks-chefs-state55","8945880.14331429","35687.98966","state55"
"cooks-chefs-state27","12201968.2734857","43273.04696","state27"
"cooks-chefs-state19","5613835.14531429","20774.6593","state19"
"cooks-chefs-state29","13574887.9386857","44950.36978","state29"
"cooks-chefs-state38","1771342.5348","6197.6568","state38"
"cooks-chefs-state46","1837790.04754286","6941.51744","state46"
"cooks-chefs-state31","4604626.99268571","15389.16024","state31"
"cooks-chefs-state20","7087046.28068571","24250.76172","state20"
"cooks-chefs-state10","2112561.78634286","8830.4447","state10"
"cooks-chefs-state24","16144853.2697143","51327.52542","state24"
"cooks-chefs-state11","1034997.46988571","3562.22972","state11"
"cooks-chefs-state51","18052733.8164","63385.9987","state51"
"cooks-chefs-state54","4811584.71514286","17228.50306","state54"
"cooks-chefs-state37","24731963.8112571","90933.79426","state37"
"cooks-chefs-state45","9461646.19628571","31382.65436","state45"
"cooks-chefs-state13","25000821.7666286","90969.23704","state13"
"cooks-chefs-state12","58182753.9495429","178856.13992","state12"
"cooks-chefs-state21","10433671.0016571","34014.67244","state21"
"cooks-chefs-state47","19058828.6475429","62176.85438","state47"
"cooks-chefs-state01","10867518.4494857","36806.60652","state01"
"cooks-chefs-state28","7812291.23537143","25585.02906","state28"
"cooks-chefs-state05","7839170.12931429","27525.52","state05"
"cooks-chefs-state22","10738989.9205714","39372.81276","state22"
"cooks-chefs-state40","10913275.0717714","34913.34048","state40"
"cooks-chefs-state48","73399678.8262286","233576.53724","state48"
"cooks-chefs-state30","2803040.94411429","10265.95128","state30"
"cooks-chefs-state16","3214750.0272","12671.18256","state16"
"cooks-chefs-state56","1232294.72811429","4358.84776","state56"
"cooks-chefs-state08","12553931.3799429","43610.93576","state08"
"cooks-chefs-state35","4082971.89257143","13665.17784","state35"
"cooks-chefs-state04","19087865.0331429","59151.26234","state04"
"cooks-chefs-state49","4174226.36742857","15244.76934","state49"
"cooks-chefs-state32","10195362.2857714","31662.52908","state32"
"cooks-chefs-state53","18279007.2462857","61890.86992","state53"
"cooks-chefs-state41","10200305.8428","37664.19836","state41"
"cooks-chefs-state06","100170226.225714","328720.19696","state06"
"cooks-chefs-state02","1898760.1644","5777.62432","state02"
"cooks-chefs-state15","4348331.79891429","14212.70006","state15"
"counselors-state23","1632020.97428571","4953.9387","state23"
"counselors-state33","2136804.5304","6774.55806","state33"
"counselors-state50","1484744.59937143","4952.02346","state50"
"counselors-state25","9917563.44068571","34564.95912","state25"
"counselors-state44","1697461.71188571","6083.54888","state44"
"counselors-state09","6110620.88331429","20780.7261","state09"
"counselors-state36","23908361.1879429","81270.27032","state36"
"counselors-state34","10780119.9258857","33273.03022","state34"
"counselors-state42","27673784.9701714","82714.3783","state42"
"counselors-state39","18241471.6894286","57285.22174","state39"
"counselors-state18","10420405.7852571","28904.97068","state18"
"counselors-state17","19430769.8679429","61341.43606","state17"
"counselors-state26","12446300.3833714","38514.7653","state26"
"counselors-state55","10515222.6456","30449.4524","state55"
"counselors-state27","15272103.8442857","51099.93378","state27"
"counselors-state19","5193821.86782857","14682.48364","state19"
"counselors-state29","6700501.73657143","21404.78908","state29"
"counselors-state38","1037697.71965714","3418.36792","state38"
"counselors-state46","2084184.48737143","6302.72952","state46"
"counselors-state31","3515853.2148","10724.71666","state31"
"counselors-state20","4604896.84937143","15856.54098","state20"
"counselors-state10","1059802.8312","4667.27256","state10"
"counselors-state24","7885019.45245714","25188.77664","state24"
"counselors-state11","794401.912457143","2443.92174","state11"
"counselors-state51","13661014.1278286","46327.44318","state51"
"counselors-state54","2383808.37994286","7462.64566","state54"
"counselors-state37","15284763.0085714","51282.07156","state37"
"counselors-state45","6176112.43062857","20010.69716","state45"
"counselors-state13","12049761.7230857","38792.22054","state13"
"counselors-state12","26730878.736","84586.66384","state12"
"counselors-state21","7121809.25142857","21627.12528","state21"
"counselors-state47","9986144.316","33425.161","state47"
"counselors-state01","7369929.21411429","23939.71044","state01"
"counselors-state28","4156419.48685714","13667.84302","state28"
"counselors-state05","4300221.49354286","14583.51458","state05"
"counselors-state22","6171525.02331429","21234.39332","state22"
"counselors-state40","6807582.35914286","21258.3935","state40"
"counselors-state48","47202264.9054857","147309.82574","state48"
"counselors-state30","1959770.50062857","6705.67946","state30"
"counselors-state16","2054884.05017143","6592.88116","state16"
"counselors-state56","998232.222514286","3331.21408","state56"
"counselors-state08","11523326.0069143","35460.31624","state08"
"counselors-state35","3207878.6652","8652.35194","state35"
"counselors-state04","10265958.7693714","29051.43146","state04"
"counselors-state49","4665833.88068571","15486.1538","state49"
"counselors-state32","1854639.76148571","6361.38876","state32"
"counselors-state53","13494339.0994286","43658.7862","state53"
"counselors-state41","6872957.07085714","22681.0962","state41"
"counselors-state06","46919240.946","153201.15242","state06"
"counselors-state02","1074136.16297143","3897.49628","state02"
"counselors-state15","1880161.122","5655.4644","state15"
"dentists-state23","1537499.75914286","5411.39048","state23"
"dentists-state33","1301022.56297143","5179.51384","state33"
"dentists-state50","319797.672","1191.75636","state50"
"dentists-state25","4143113.8704","14505.4613","state25"
"dentists-state44","908944.753028571","3272.8861","state44"
"dentists-state09","3219622.1436","10154.95554","state09"
"dentists-state36","12305261.1114857","43748.42036","state36"
"dentists-state34","6125457.95897143","20769.64562","state34"
"dentists-state42","5573217.26948571","17516.45824","state42"
"dentists-state39","5766753.156","21314.23802","state39"
"dentists-state18","3354769.23171429","11100.28722","state18"
"dentists-state17","8825880.95571429","29749.70258","state17"
"dentists-state26","7999808.07891429","26366.43878","state26"
"dentists-state55","6055535.58685714","20105.85524","state55"
"dentists-state27","3112459.2","10753.4668","state27"
"dentists-state19","1812995.27845714","4996.29814","state19"
"dentists-state29","2908863.97714286","8879.05162","state29"
"dentists-state38","730191.044914286","2500.72376","state38"
"dentists-state46","818068.6464","2746.07532","state46"
"dentists-state31","884812.102285714","3348.29914","state31"
"dentists-state20","2207604.52062857","7655.30174","state20"
"dentists-state10","512324.492057143","2169.00562","state10"
"dentists-state24","2349655.128","7818.90654","state24"
"dentists-state51","3489253.02582857","14508.38096","state51"
"dentists-state54","1227346.86342857","3828.81334","state54"
"dentists-state37","3475284.97851429","14002.99224","state37"
"dentists-state45","4408692.14314286","14210.21768","state45"
"dentists-state13","3575344.05994286","11165.08276","state13"
"dentists-state12","16085556.4693714","50114.12538","state12"
"dentists-state47","3003065.75657143","9669.2098","state47"
"dentists-state01","1895677.51594286","5985.38168","state01"
"dentists-state28","1208979.31354286","4445.56592","state28"
"dentists-state05","1714295.92731429","6193.34542","state05"
"dentists-state22","1799184.18994286","6703.50496","state22"
"dentists-state40","2336927.98628571","7084.71286","state40"
"dentists-state48","18348791.1726857","58715.39936","state48"
"dentists-state30","696724.415485714","2477.8837","state30"
"dentists-state16","1281577.62171429","4651.93732","state16"
"dentists-state56","442009.357714286","1555.57506","state56"
"dentists-state08","3399899.72417143","12137.92676","state08"
"dentists-state35","1045037.86971429","3185.38812","state35"
"dentists-state04","3531917.60297143","11560.97652","state04"
"dentists-state49","2451346.3356","9896.52738","state49"
"dentists-state32","1906938.14245714","5774.83798","state32"
"dentists-state53","5604010.35205714","21231.43496","state53"
"dentists-state41","3216815.61","10901.78782","state41"
"dentists-state06","27717874.1568","94155.76496","state06"
"dentists-state02","659126.570057143","2128.2504","state02"
"dentists-state15","739982.558571429","2584.2872","state15"
"education-administrators-state23","1665038.67085714","5337.83276","state23"
"education-administrators-state33","2175791.658","5797.50496","state33"
"education-administrators-state50","1242938.79582857","3673.4795","state50"
"education-administrators-state25","13097418.3966857","36429.2534","state25"
"education-administrators-state44","1424271.43645714","4516.16166","state44"
"education-administrators-state09","5570335.53","14976.79142","state09"
"education-administrators-state36","17379378.7277143","49080.17028","state36"
"education-administrators-state34","9076251.54085714","24969.2743","state34"
"education-administrators-state42","16673341.2351429","47908.0867","state42"
"education-administrators-state39","13061488.2992571","39188.84912","state39"
"education-administrators-state18","8964754.1508","25050.75566","state18"
"education-administrators-state17","14273872.9050857","40011.55914","state17"
"education-administrators-state26","7047349.49091429","20616.09684","state26"
"education-administrators-state55","4866308.58085714","15001.13322","state55"
"education-administrators-state27","7283671.75371429","21805.11634","state27"
"education-administrators-state19","2662345.79588571","6267.29394","state19"
"education-administrators-state29","4252352.23457143","12420.00144","state29"
"education-administrators-state38","864882.759428571","2260.87478","state38"
"education-administrators-state46","704222.804571429","1910.67154","state46"
"education-administrators-state31","1833609.14297143","5524.10962","state31"
"education-administrators-state20","2751282.06857143","8138.69056","state20"
"education-administrators-state10","910630.846285714","2261.77068","state10"
"education-administrators-state24","5442761.56371429","15551.3547","state24"
"education-administrators-state11","1267200.33771429","3592.0037","state11"
"education-administrators-state51","10556785.7535429","29700.05696","state51"
"education-administrators-state54","1378162.674","3617.18964","state54"
"education-administrators-state37","14029131.6173143","40298.42678","state37"
"education-administrators-state45","3407740.61314286","9931.23428","state45"
"education-administrators-state13","11323005.1234286","33491.17036","state13"
"education-administrators-state12","16488192.2616","49167.34204","state12"
"education-administrators-state21","4384514.45657143","11822.0539","state21"
"education-administrators-state47","5778739.95445714","16836.28462","state47"
"education-administrators-state01","5409798.5004","15783.88792","state01"
"education-administrators-state28","2821005.68588571","8095.69378","state28"
"education-administrators-state05","2406131.34","6832.21818","state05"
"education-administrators-state22","4358968.84748571","12912.22674","state22"
"education-administrators-state40","3768198.61371429","10658.98326","state40"
"education-administrators-state48","34753188.2934857","96390.96956","state48"
"education-administrators-state30","763648.578342857","2598.60446","state30"
"education-administrators-state16","2890863.77177143","7723.11456","state16"
"education-administrators-state56","793554.175371429","2365.46034","state56"
"education-administrators-state08","7152392.80028571","18842.74748","state08"
"education-administrators-state35","1910805.08674286","5574.46112","state35"
"education-administrators-state04","10136349.6176571","25118.7711","state04"
"education-administrators-state49","4715470.4304","13633.98218","state49"
"education-administrators-state32","2175489.10542857","5822.61868","state32"
"education-administrators-state53","8500135.86822857","22551.22868","state53"
"education-administrators-state41","4357766.67771429","12883.05842","state41"
"education-administrators-state06","37181005.7962286","106650.88884","state06"
"education-administrators-state02","817538.844685714","2187.2495","state02"
"education-administrators-state15","1484388.58217143","4272.62612","state15"
"elementary-and-middle-school-teachers-state23","4826794.7592","15413.14646","state23"
"elementary-and-middle-school-teachers-state33","4803722.33914286","14369.7284","state33"
"elementary-and-middle-school-teachers-state50","2810922.13268571","8322.47396","state50"
"elementary-and-middle-school-teachers-state25","29272475.3197714","89563.59184","state25"
"elementary-and-middle-school-teachers-state44","3875223.99651429","13346.31822","state44"
"elementary-and-middle-school-teachers-state09","11249040.0473143","37270.24424","state09"
"elementary-and-middle-school-teachers-state36","82508926.7022857","254261.59932","state36"
"elementary-and-middle-school-teachers-state34","37734103.8598286","115440.74452","state34"
"elementary-and-middle-school-teachers-state42","38438961.9315429","117071.83434","state42"
"elementary-and-middle-school-teachers-state39","37288136.8709143","118511.71808","state39"
"elementary-and-middle-school-teachers-state18","24703302.3183429","73137.48394","state18"
"elementary-and-middle-school-teachers-state17","44350038.9687429","133484.36094","state17"
"elementary-and-middle-school-teachers-state26","27075123.0288","84341.4499","state26"
"elementary-and-middle-school-teachers-state55","17891286.5177143","55416.16006","state55"
"elementary-and-middle-school-teachers-state27","19133910.4062857","56321.50564","state27"
"elementary-and-middle-school-teachers-state19","13517842.4067429","37483.99294","state19"
"elementary-and-middle-school-teachers-state29","21401793.1532571","67262.40378","state29"
"elementary-and-middle-school-teachers-state38","3024181.25605714","9253.98456","state38"
"elementary-and-middle-school-teachers-state46","2715566.54434286","8307.22546","state46"
"elementary-and-middle-school-teachers-state31","6476448.918","19406.12038","state31"
"elementary-and-middle-school-teachers-state20","12063036.1047429","34887.66478","state20"
"elementary-and-middle-school-teachers-state10","3126079.86565714","10511.07072","state10"
"elementary-and-middle-school-teachers-state24","26563338.2590286","84954.33456","state24"
"elementary-and-middle-school-teachers-state11","1698910.39748571","5150.94172","state11"
"elementary-and-middle-school-teachers-state51","32035838.8608","102027.43028","state51"
"elementary-and-middle-school-teachers-state54","4861203.61954286","16436.34516","state54"
"elementary-and-middle-school-teachers-state37","39883322.7553714","119463.01554","state37"
"elementary-and-middle-school-teachers-state45","21961380.936","64715.6349","state45"
"elementary-and-middle-school-teachers-state13","47452750.7329714","138610.47712","state13"
"elementary-and-middle-school-teachers-state12","64793276.6125714","195210.80086","state12"
"elementary-and-middle-school-teachers-state21","17808347.6907429","53777.66268","state21"
"elementary-and-middle-school-teachers-state47","25265422.0712571","78772.04436","state47"
"elementary-and-middle-school-teachers-state01","18018024.9183429","52105.9201","state01"
"elementary-and-middle-school-teachers-state28","11709963.7085143","33841.96098","state28"
"elementary-and-middle-school-teachers-state05","10335807.1508571","31139.16082","state05"
"elementary-and-middle-school-teachers-state22","16759429.5764571","49483.38928","state22"
"elementary-and-middle-school-teachers-state40","16434077.1504","46942.55688","state40"
"elementary-and-middle-school-teachers-state48","130343866.310571","369259.30776","state48"
"elementary-and-middle-school-teachers-state30","2991655.65548571","9302.04166","state30"
"elementary-and-middle-school-teachers-state16","6576989.37634286","20631.98356","state16"
"elementary-and-middle-school-teachers-state56","2311229.15845714","7067.16528","state56"
"elementary-and-middle-school-teachers-state08","19664887.1933143","58315.61286","state08"
"elementary-and-middle-school-teachers-state35","8559358.98377143","25256.97978","state35"
"elementary-and-middle-school-teachers-state04","25201132.1907429","76749.0422","state04"
"elementary-and-middle-school-teachers-state49","11499610.7298857","36159.14744","state49"
"elementary-and-middle-school-teachers-state32","11247775.9083429","33896.2335","state32"
"elementary-and-middle-school-teachers-state53","30554443.9872","90560.83562","state53"
"elementary-and-middle-school-teachers-state41","10138889.8532571","31962.36198","state41"
"elementary-and-middle-school-teachers-state06","119873336.600229","359282.05772","state06"
"elementary-and-middle-school-teachers-state02","2082701.244","6581.64462","state02"
"elementary-and-middle-school-teachers-state15","4489998.27291429","14649.16724","state15"
"food-managers-state23","1889611.56874286","4926.00978","state23"
"food-managers-state33","2315512.93971429","6270.96638","state33"
"food-managers-state50","927486.507428571","2295.38604","state50"
"food-managers-state25","9944288.4264","28869.31316","state25"
"food-managers-state44","1774216.55742857","4840.8243","state44"
"food-managers-state09","2258210.23114286","7575.4756","state09"
"food-managers-state36","21551253.2360571","58821.2447","state36"
"food-managers-state34","7732486.07125714","21411.29568","state34"
"food-managers-state42","18155512.0371429","54473.18528","state42"
"food-managers-state39","13708390.5042857","42997.46978","state39"
"food-managers-state18","9961253.12228571","34106.99354","state18"
"food-managers-state17","16239459.5833714","46282.06656","state17"
"food-managers-state26","11428671.0726857","33977.83148","state26"
"food-managers-state55","3331254.95982857","12340.26106","state55"
"food-managers-state27","4758596.71714286","14332.99806","state27"
"food-managers-state19","6737613.8484","16784.33874","state19"
"food-managers-state29","9192181.82554286","25475.90608","state29"
"food-managers-state38","859091.890285714","2591.01198","state38"
"food-managers-state46","1190492.24177143","3316.39252","state46"
"food-managers-state31","3387883.45302857","9625.16716","state31"
"food-managers-state20","3931894.27971429","11345.93716","state20"
"food-managers-state10","1535345.53422857","5188.91302","state10"
"food-managers-state24","8088428.30057143","21723.29934","state24"
"food-managers-state11","791146.490228571","2334.89216","state11"
"food-managers-state51","12366839.1257143","40735.42286","state51"
"food-managers-state54","875105.126057143","2807.61816","state54"
"food-managers-state37","11360420.3005714","34022.18008","state37"
"food-managers-state45","7973047.98857143","22596.32976","state45"
"food-managers-state13","17915651.2981714","50213.79608","state13"
"food-managers-state12","30143072.6873143","94178.42488","state12"
"food-managers-state21","4715127.24205714","13930.29262","state21"
"food-managers-state47","13027692.2117143","34151.32994","state47"
"food-managers-state01","8516238.29211429","22736.58264","state01"
"food-managers-state28","5512170.438","14757.89252","state28"
"food-managers-state05","4556715.22354286","13560.06476","state05"
"food-managers-state22","7182805.69405714","21346.27032","state22"
"food-managers-state40","6673186.12491429","21587.64966","state40"
"food-managers-state48","44943016.8901714","130390.5402","state48"
"food-managers-state30","1787307.23057143","6192.6431","state30"
"food-managers-state16","3320130.84068571","9513.12884","state16"
"food-managers-state56","1144334.71148571","3227.26058","state56"
"food-managers-state08","7417315.44805714","22916.18208","state08"
"food-managers-state35","2616104.14697143","7133.63514","state35"
"food-managers-state04","6553739.80114286","19879.44998","state04"
"food-managers-state49","2610272.16942857","8950.42702","state49"
"food-managers-state32","5429340.87","15698.78194","state32"
"food-managers-state53","8593277.43737143","26158.53488","state53"
"food-managers-state41","5673578.76788571","17686.74016","state41"
"food-managers-state06","45380106.0384","127194.39346","state06"
"food-managers-state02","714009.809828571","1852.22248","state02"
"food-managers-state15","1861117.2492","6164.1039","state15"
"food-preparation-workers-state23","3327713.18057143","13145.50016","state23"
"food-preparation-workers-state33","1912516.58657143","7775.69212","state33"
"food-preparation-workers-state50","812781.468342857","3467.17704","state50"
"food-preparation-workers-state25","8776135.56874286","42671.11046","state25"
"food-preparation-workers-state44","1665947.00537143","6214.51518","state44"
"food-preparation-workers-state09","3999121.80342857","17428.66424","state09"
"food-preparation-workers-state36","34799132.6550857","127555.05336","state36"
"food-preparation-workers-state34","14069896.6073143","53446.28318","state34"
"food-preparation-workers-state42","22532645.0876571","90779.31692","state42"
"food-preparation-workers-state39","24694325.7241714","99860.06644","state39"
"food-preparation-workers-state18","12874348.2828","48861.4091","state18"
"food-preparation-workers-state17","19988803.6481143","85182.07672","state17"
"food-preparation-workers-state26","19132066.2718286","75453.05532","state26"
"food-preparation-workers-state55","10753329.3171429","41279.00592","state55"
"food-preparation-workers-state27","6508843.33834286","25947.8375","state27"
"food-preparation-workers-state19","5559321.42977143","22459.13942","state19"
"food-preparation-workers-state29","7722648.13182857","30439.0086","state29"
"food-preparation-workers-state38","1281688.1604","4658.90654","state38"
"food-preparation-workers-state46","1662173.16565714","6197.87036","state46"
"food-preparation-workers-state31","3625716.87805714","13633.7467","state31"
"food-preparation-workers-state20","5238622.17257143","19264.49316","state20"
"food-preparation-workers-state10","1153395.28971429","4539.34646","state10"
"food-preparation-workers-state24","11202465.3954857","40058.6966","state24"
"food-preparation-workers-state11","498690.992228571","1964.19692","state11"
"food-preparation-workers-state51","13832351.4795429","53401.46322","state51"
"food-preparation-workers-state54","2854992.32468571","11221.62684","state54"
"food-preparation-workers-state37","17927123.5781143","69688.044","state37"
"food-preparation-workers-state45","7337333.42691429","25979.81276","state45"
"food-preparation-workers-state13","12781998.6411429","50563.81582","state13"
"food-preparation-workers-state12","45527908.7252571","155928.6827","state12"
"food-preparation-workers-state21","6426230.74045714","22675.52054","state21"
"food-preparation-workers-state47","11106543.9963429","38441.72772","state47"
"food-preparation-workers-state01","8022634.17102857","25232.35812","state01"
"food-preparation-workers-state28","5033925.99702857","17210.46296","state28"
"food-preparation-workers-state05","5109945.18702857","18728.60906","state05"
"food-preparation-workers-state22","8400162.21514286","31588.73942","state22"
"food-preparation-workers-state40","7440113.51297143","27018.77636","state40"
"food-preparation-workers-state48","58852694.2897714","210369.27056","state48"
"food-preparation-workers-state30","1783626.12342857","7038.97056","state30"
"food-preparation-workers-state16","4102930.59428571","17158.40824","state16"
"food-preparation-workers-state56","1151759.83217143","4595.89688","state56"
"food-preparation-workers-state08","9940879.3416","40217.98548","state08"
"food-preparation-workers-state35","3363194.93725714","13185.40218","state35"
"food-preparation-workers-state04","14578145.1065143","53825.07792","state04"
"food-preparation-workers-state49","5730068.2152","23274.09998","state49"
"food-preparation-workers-state32","8952001.04502857","32741.57966","state32"
"food-preparation-workers-state53","14724396.5847429","66774.23708","state53"
"food-preparation-workers-state41","9752262.5292","36237.7504","state41"
"food-preparation-workers-state06","79705276.1177143","299754.5457","state06"
"food-preparation-workers-state02","1676394.52611429","5887.68146","state02"
"food-preparation-workers-state15","3368915.07857143","13318.03454","state15"
"hairdressers-hairstylists-and-cosmetologists-state33","1482914.99211429","6618.58374","state33"
"hairdressers-hairstylists-and-cosmetologists-state50","413059.440514286","1497.58268","state50"
"hairdressers-hairstylists-and-cosmetologists-state25","5248134.92931429","23981.01794","state25"
"hairdressers-hairstylists-and-cosmetologists-state44","1548299.53337143","6084.84388","state44"
"hairdressers-hairstylists-and-cosmetologists-state09","2489011.78885714","10329.05784","state09"
"hairdressers-hairstylists-and-cosmetologists-state36","21835069.8330857","87538.94348","state36"
"hairdressers-hairstylists-and-cosmetologists-state34","8723303.15811429","32408.31722","state34"
"hairdressers-hairstylists-and-cosmetologists-state42","9146540.32045714","37068.27386","state42"
"hairdressers-hairstylists-and-cosmetologists-state39","10907838.1347429","38649.98276","state39"
"hairdressers-hairstylists-and-cosmetologists-state18","6078089.85634286","22590.639","state18"
"hairdressers-hairstylists-and-cosmetologists-state17","10450451.9787429","37670.43902","state17"
"hairdressers-hairstylists-and-cosmetologists-state26","9358588.24217143","36138.4846","state26"
"hairdressers-hairstylists-and-cosmetologists-state55","4531459.62737143","19484.94108","state55"
"hairdressers-hairstylists-and-cosmetologists-state27","5373134.99228571","18340.84292","state27"
"hairdressers-hairstylists-and-cosmetologists-state19","3225444.70457143","10225.4451","state19"
"hairdressers-hairstylists-and-cosmetologists-state29","8470753.02462857","27969.87962","state29"
"hairdressers-hairstylists-and-cosmetologists-state38","680223.150685714","2323.70148","state38"
"hairdressers-hairstylists-and-cosmetologists-state46","476526.228342857","1880.15564","state46"
"hairdressers-hairstylists-and-cosmetologists-state31","1777903.67331429","5716.26176","state31"
"hairdressers-hairstylists-and-cosmetologists-state20","3558357.04217143","12160.8334","state20"
"hairdressers-hairstylists-and-cosmetologists-state10","680360.693657143","3044.14984","state10"
"hairdressers-hairstylists-and-cosmetologists-state24","5548954.32","19048.65512","state24"
"hairdressers-hairstylists-and-cosmetologists-state11","378318.536914286","1358.2467","state11"
"hairdressers-hairstylists-and-cosmetologists-state51","6344642.57502857","24201.603","state51"
"hairdressers-hairstylists-and-cosmetologists-state54","696210.027771429","2739.39034","state54"
"hairdressers-hairstylists-and-cosmetologists-state37","10275618.0625714","37857.45308","state37"
"hairdressers-hairstylists-and-cosmetologists-state45","6024042.53451429","21965.87482","state45"
"hairdressers-hairstylists-and-cosmetologists-state13","14956777.8027429","49379.18096","state13"
"hairdressers-hairstylists-and-cosmetologists-state12","31245666.8528571","111384.4056","state12"
"hairdressers-hairstylists-and-cosmetologists-state21","4997208.30925714","15252.68762","state21"
"hairdressers-hairstylists-and-cosmetologists-state47","5030867.83508571","19308.8335","state47"
"hairdressers-hairstylists-and-cosmetologists-state01","3950429.58068571","15164.4297","state01"
"hairdressers-hairstylists-and-cosmetologists-state28","2857726.13125714","9249.06584","state28"
"hairdressers-hairstylists-and-cosmetologists-state05","3414784.28297143","10893.23054","state05"
"hairdressers-hairstylists-and-cosmetologists-state22","6248655.63685714","23795.08568","state22"
"hairdressers-hairstylists-and-cosmetologists-state40","4127573.17748571","14148.18566","state40"
"hairdressers-hairstylists-and-cosmetologists-state48","39268424.0189143","129582.39916","state48"
"hairdressers-hairstylists-and-cosmetologists-state30","768406.199314286","3247.77128","state30"
"hairdressers-hairstylists-and-cosmetologists-state16","1122011.42091429","3829.14534","state16"
"hairdressers-hairstylists-and-cosmetologists-state56","300054.178114286","1260.89474","state56"
"hairdressers-hairstylists-and-cosmetologists-state08","3750926.67565714","16913.18326","state08"
"hairdressers-hairstylists-and-cosmetologists-state35","1426565.63057143","4530.6568","state35"
"hairdressers-hairstylists-and-cosmetologists-state04","3663316.78834286","14513.70388","state04"
"hairdressers-hairstylists-and-cosmetologists-state49","2590744.33714286","12473.13812","state49"
"hairdressers-hairstylists-and-cosmetologists-state32","3520258.58331429","12942.60348","state32"
"hairdressers-hairstylists-and-cosmetologists-state53","5828616.82628571","24926.74632","state53"
"hairdressers-hairstylists-and-cosmetologists-state41","3550754.57691429","15951.96012","state41"
"hairdressers-hairstylists-and-cosmetologists-state06","37503550.7154857","143361.2813","state06"
"hairdressers-hairstylists-and-cosmetologists-state02","369174.274285714","1300.45966","state02"
"hairdressers-hairstylists-and-cosmetologists-state15","779081.926457143","3777.147","state15"
"housekeeping-janitors-and-groundskeepers-state23","4630563.42291429","17849.9567","state23"
"housekeeping-janitors-and-groundskeepers-state33","5776662.72497143","21353.05558","state33"
"housekeeping-janitors-and-groundskeepers-state50","2585494.00131429","10314.85872","state50"
"housekeeping-janitors-and-groundskeepers-state25","29132257.0316571","103780.98786","state25"
"housekeeping-janitors-and-groundskeepers-state44","4903000.31965714","17704.9896","state44"
"housekeeping-janitors-and-groundskeepers-state09","14257642.0160571","59002.45432","state09"
"housekeeping-janitors-and-groundskeepers-state36","93860310.5556","324251.73216","state36"
"housekeeping-janitors-and-groundskeepers-state34","42106418.1774857","138823.98942","state34"
"housekeeping-janitors-and-groundskeepers-state42","47912994.0821143","171374.5363","state42"
"housekeeping-janitors-and-groundskeepers-state39","35784610.2262286","138245.75316","state39"
"housekeeping-janitors-and-groundskeepers-state18","24757484.4685714","88770.3354","state18"
"housekeeping-janitors-and-groundskeepers-state17","55789486.7629714","185144.02056","state17"
"housekeeping-janitors-and-groundskeepers-state26","34442272.5337714","124876.23166","state26"
"housekeeping-janitors-and-groundskeepers-state55","27087805.1322857","103765.5738","state55"
"housekeeping-janitors-and-groundskeepers-state27","19484012.8719429","71618.7314","state27"
"housekeeping-janitors-and-groundskeepers-state19","15097897.8018857","55108.94182","state19"
"housekeeping-janitors-and-groundskeepers-state29","31422327.2261143","102125.89522","state29"
"housekeeping-janitors-and-groundskeepers-state38","3047790.59777143","11923.22052","state38"
"housekeeping-janitors-and-groundskeepers-state46","3520910.26834286","12292.36108","state46"
"housekeeping-janitors-and-groundskeepers-state31","8494516.70914286","27671.75346","state31"
"housekeeping-janitors-and-groundskeepers-state20","11458485.4196571","39198.36408","state20"
"housekeeping-janitors-and-groundskeepers-state10","4150666.47342857","15748.0077","state10"
"housekeeping-janitors-and-groundskeepers-state24","30069794.7001714","100941.81418","state24"
"housekeeping-janitors-and-groundskeepers-state11","1976507.23337143","7055.39828","state11"
"housekeeping-janitors-and-groundskeepers-state51","41038606.4064","144977.59094","state51"
"housekeeping-janitors-and-groundskeepers-state54","5745503.72811429","22136.14744","state54"
"housekeeping-janitors-and-groundskeepers-state37","39607044.2048571","153623.56394","state37"
"housekeeping-janitors-and-groundskeepers-state45","22401862.3150286","87623.38804","state45"
"housekeeping-janitors-and-groundskeepers-state13","46923826.3419429","168263.75254","state13"
"housekeeping-janitors-and-groundskeepers-state12","143950154.762571","481328.68952","state12"
"housekeeping-janitors-and-groundskeepers-state21","18122212.2248571","59974.1897","state21"
"housekeeping-janitors-and-groundskeepers-state47","29994756.2496","117088.3474","state47"
"housekeeping-janitors-and-groundskeepers-state01","23404625.7977143","78344.6551","state01"
"housekeeping-janitors-and-groundskeepers-state28","11978859.7078286","42608.0375","state28"
"housekeeping-janitors-and-groundskeepers-state05","13263374.7946286","49080.5283","state05"
"housekeeping-janitors-and-groundskeepers-state22","21904328.4265714","81474.92722","state22"
"housekeeping-janitors-and-groundskeepers-state40","20877302.7817714","68480.90612","state40"
"housekeeping-janitors-and-groundskeepers-state48","148109498.750743","500802.95884","state48"
"housekeeping-janitors-and-groundskeepers-state30","4199445.70405714","17153.62322","state30"
"housekeeping-janitors-and-groundskeepers-state16","7332620.35662857","27521.25298","state16"
"housekeeping-janitors-and-groundskeepers-state56","2637760.12971429","9695.14802","state56"
"housekeeping-janitors-and-groundskeepers-state08","19483319.0108571","75106.34908","state08"
"housekeeping-janitors-and-groundskeepers-state35","9032247.96617143","29860.37552","state35"
"housekeeping-janitors-and-groundskeepers-state04","41914853.3305714","139775.41586","state04"
"housekeeping-janitors-and-groundskeepers-state49","15002207.3235429","52678.69356","state49"
"housekeeping-janitors-and-groundskeepers-state32","20101477.0810286","68311.53052","state32"
"housekeeping-janitors-and-groundskeepers-state53","34633708.5049714","128638.92142","state53"
"housekeeping-janitors-and-groundskeepers-state41","19101881.9660571","71347.04096","state41"
"housekeeping-janitors-and-groundskeepers-state06","203508423.5472","693210.41688","state06"
"housekeeping-janitors-and-groundskeepers-state02","2280096.77691429","8163.51434","state02"
"housekeeping-janitors-and-groundskeepers-state15","9949214.60382857","34733.00186","state15"
"medical-and-health-services-managers-state23","1018756.86428571","3444.34728","state23"
"medical-and-health-services-managers-state33","1114372.94331429","2986.17486","state33"
"medical-and-health-services-managers-state50","1154762.15297143","3179.71926","state50"
"medical-and-health-services-managers-state25","7775974.17737143","21530.24276","state25"
"medical-and-health-services-managers-state44","876818.355428571","2837.61146","state44"
"medical-and-health-services-managers-state09","3599696.90828571","12855.99368","state09"
"medical-and-health-services-managers-state36","12675720.9085714","38205.9806","state36"
"medical-and-health-services-managers-state34","8701581.51428571","24797.61666","state34"
"medical-and-health-services-managers-state42","15470273.7094286","43120.03998","state42"
"medical-and-health-services-managers-state39","10304918.5390286","30592.43422","state39"
"medical-and-health-services-managers-state18","6947795.96571429","17794.27026","state18"
"medical-and-health-services-managers-state17","13367023.6109143","35700.06376","state17"
"medical-and-health-services-managers-state26","8557229.12194286","25172.78682","state26"
"medical-and-health-services-managers-state55","7621920.26571428","19358.9762","state55"
"medical-and-health-services-managers-state27","7744484.14457143","20866.38314","state27"
"medical-and-health-services-managers-state19","2262381.35314286","6721.19318","state19"
"medical-and-health-services-managers-state29","6509508.66857143","18372.46122","state29"
"medical-and-health-services-managers-state38","1008182.62045714","3026.54622","state38"
"medical-and-health-services-managers-state46","785374.432114286","2201.05326","state46"
"medical-and-health-services-managers-state31","1436471.15142857","3572.51864","state31"
"medical-and-health-services-managers-state20","906752.983542857","3146.62788","state20"
"medical-and-health-services-managers-state10","1362362.832","3586.8069","state10"
"medical-and-health-services-managers-state24","4192831.17702857","12391.37686","state24"
"medical-and-health-services-managers-state11","549682.325142857","1393.76806","state11"
"medical-and-health-services-managers-state51","4113821.95371429","10607.96344","state51"
"medical-and-health-services-managers-state54","1398409.41428571","3881.4243","state54"
"medical-and-health-services-managers-state37","10071973.8265714","31023.38912","state37"
"medical-and-health-services-managers-state45","4461837.366","13038.83114","state45"
"medical-and-health-services-managers-state13","5957419.02342857","16168.91958","state13"
"medical-and-health-services-managers-state12","19484502.3646286","58072.04748","state12"
"medical-and-health-services-managers-state21","3841733.52171429","10384.14324","state21"
"medical-and-health-services-managers-state47","5193596.82342857","13019.33182","state47"
"medical-and-health-services-managers-state01","2803910.13737143","8340.8561","state01"
"medical-and-health-services-managers-state28","2981016.16457143","8322.8953","state28"
"medical-and-health-services-managers-state05","1638355.76228571","4643.17974","state05"
"medical-and-health-services-managers-state22","3817534.962","11608.41838","state22"
"medical-and-health-services-managers-state40","3235640.26457143","9186.46248","state40"
"medical-and-health-services-managers-state48","23835188.3838857","63993.23402","state48"
"medical-and-health-services-managers-state30","828767.947714286","2914.85202","state30"
"medical-and-health-services-managers-state16","1975628.32971429","5376.95","state16"
"medical-and-health-services-managers-state56","465216.285428571","1369.40726","state56"
"medical-and-health-services-managers-state08","4035402.07628571","12463.42422","state08"
"medical-and-health-services-managers-state35","1222335.96771429","3418.09312","state35"
"medical-and-health-services-managers-state04","3408386.12914286","9883.94522","state04"
"medical-and-health-services-managers-state49","2856931.22022857","7658.90948","state49"
"medical-and-health-services-managers-state32","1920124.55914286","5765.35534","state32"
"medical-and-health-services-managers-state53","8091389.71628571","23230.11112","state53"
"medical-and-health-services-managers-state41","4225920.79268571","12525.9507","state41"
"medical-and-health-services-managers-state06","32614115.3542286","90694.53234","state06"
"medical-and-health-services-managers-state02","862225.854857143","2215.40206","state02"
"medical-and-health-services-managers-state15","1230500.93725714","3284.12104","state15"
"medical-records-and-health-information-technicians-state36","4955437.22691429","14657.15872","state36"
"medical-records-and-health-information-technicians-state42","3364710.35348571","10925.23772","state42"
"medical-records-and-health-information-technicians-state17","2058221.30194286","7045.33388","state17"
"medical-records-and-health-information-technicians-state26","3566517.396","11728.88652","state26"
"medical-records-and-health-information-technicians-state55","2178246.80914286","7132.25186","state55"
"medical-records-and-health-information-technicians-state46","388591.021714286","1203.67348","state46"
"medical-records-and-health-information-technicians-state31","674777.514171429","2180.71316","state31"
"medical-records-and-health-information-technicians-state54","806913.207428571","1997.23012","state54"
"medical-records-and-health-information-technicians-state37","3180025.152","9130.58086","state37"
"medical-records-and-health-information-technicians-state13","4275240.67474286","13533.45994","state13"
"medical-records-and-health-information-technicians-state12","4361416.908","13244.14684","state12"
"medical-records-and-health-information-technicians-state22","1434097.69028571","4240.9019","state22"
"medical-records-and-health-information-technicians-state48","5434536.61371429","15795.13594","state48"
"medical-records-and-health-information-technicians-state30","322992.550285714","928.65188","state30"
"medical-records-and-health-information-technicians-state16","627770.682","1870.27584","state16"
"medical-records-and-health-information-technicians-state35","455177.525142857","1330.99158","state35"
"medical-records-and-health-information-technicians-state53","2815519.59257143","8776.25478","state53"
"medical-records-and-health-information-technicians-state41","858932.393142857","2840.28952","state41"
"medical-records-and-health-information-technicians-state06","4898620.21817143","14763.55326","state06"
"medical-records-and-health-information-technicians-state04","3192114.32571429","8036.88","state04"
"medical-specialists-therapists-state23","2595510.9132","9362.4046","state23"
"medical-specialists-therapists-state33","3166691.56885714","10844.47434","state33"
"medical-specialists-therapists-state50","942234.663942857","3336.17588","state50"
"medical-specialists-therapists-state25","10485285.6176571","34976.8903","state25"
"medical-specialists-therapists-state44","2760825.08794286","9032.45584","state44"
"medical-specialists-therapists-state09","7535651.91154286","23540.22358","state09"
"medical-specialists-therapists-state36","30045152.0653714","98643.37846","state36"
"medical-specialists-therapists-state34","15032341.7705143","48354.4053","state34"
"medical-specialists-therapists-state42","20289537.5533714","66075.8929","state42"
"medical-specialists-therapists-state39","18786117.2933143","57259.8575","state39"
"medical-specialists-therapists-state18","10122130.5702857","35366.89552","state18"
"medical-specialists-therapists-state17","21982836.7299429","72620.75814","state17"
"medical-specialists-therapists-state26","12598256.5839429","40329.97372","state26"
"medical-specialists-therapists-state55","9722292.35982857","31686.4829","state55"
"medical-specialists-therapists-state27","9780746.14182857","31091.41802","state27"
"medical-specialists-therapists-state19","3577710.8784","12303.50994","state19"
"medical-specialists-therapists-state29","7815810.02571429","28754.26168","state29"
"medical-specialists-therapists-state38","1309299.33634286","4145.71902","state38"
"medical-specialists-therapists-state46","1679543.86885714","5038.15616","state46"
"medical-specialists-therapists-state31","3567444.05622857","11224.99974","state31"
"medical-specialists-therapists-state20","5974103.23508571","18016.25206","state20"
"medical-specialists-therapists-state10","1551346.07417143","5495.96408","state10"
"medical-specialists-therapists-state24","13462714.9458857","40336.55958","state24"
"medical-specialists-therapists-state11","658893.892285714","1963.36372","state11"
"medical-specialists-therapists-state51","9835024.78302857","33664.21592","state51"
"medical-specialists-therapists-state54","2766855.29451429","8491.7562","state54"
"medical-specialists-therapists-state37","13424660.4012","45323.60556","state37"
"medical-specialists-therapists-state45","5919393.09874286","22607.12404","state45"
"medical-specialists-therapists-state13","14035568.9045143","46200.98698","state13"
"medical-specialists-therapists-state12","30522534.1464","103303.27832","state12"
"medical-specialists-therapists-state21","7171734.18205714","22453.10664","state21"
"medical-specialists-therapists-state47","9414830.05114286","29228.9695","state47"
"medical-specialists-therapists-state01","6769289.57948571","22047.53594","state01"
"medical-specialists-therapists-state28","3036271.48662857","10867.09868","state28"
"medical-specialists-therapists-state05","3683596.33954286","12491.02218","state05"
"medical-specialists-therapists-state22","4808463.38794286","16082.13718","state22"
"medical-specialists-therapists-state40","3227450.70085714","10798.6581","state40"
"medical-specialists-therapists-state48","37922758.7821714","116440.85312","state48"
"medical-specialists-therapists-state30","1638816.48702857","5706.28532","state30"
"medical-specialists-therapists-state16","2383994.18108571","7644.50068","state16"
"medical-specialists-therapists-state56","799066.240114286","2526.3179","state56"
"medical-specialists-therapists-state08","9407804.59388571","31474.39106","state08"
"medical-specialists-therapists-state35","2239829.75057143","7027.99576","state35"
"medical-specialists-therapists-state04","11367249.0924","34709.0615","state04"
"medical-specialists-therapists-state49","5139710.41388571","18278.90086","state49"
"medical-specialists-therapists-state32","3018292.80171429","10126.52472","state32"
"medical-specialists-therapists-state53","10937280.9305143","38465.8461","state53"
"medical-specialists-therapists-state41","5093993.91017143","17542.99888","state41"
"medical-specialists-therapists-state06","41265107.1456","139090.98478","state06"
"medical-specialists-therapists-state02","1127241.72668571","3330.01172","state02"
"medical-specialists-therapists-state15","1612528.07931429","5324.00248","state15"
"miscellaneous-educational-instructional-state23","3575525.07925714","11920.81624","state23"
"miscellaneous-educational-instructional-state33","2584673.49977143","9130.14354","state33"
"miscellaneous-educational-instructional-state50","1584386.56971429","5538.27384","state50"
"miscellaneous-educational-instructional-state25","13853615.7485143","54075.57346","state25"
"miscellaneous-educational-instructional-state44","2660046.13782857","8424.40134","state44"
"miscellaneous-educational-instructional-state09","7959315.3012","32966.0124","state09"
"miscellaneous-educational-instructional-state36","37624537.1941714","138890.36878","state36"
"miscellaneous-educational-instructional-state34","16052064.3075429","58931.278","state34"
"miscellaneous-educational-instructional-state42","22736561.1524571","75601.65422","state42"
"miscellaneous-educational-instructional-state39","17783319.1057714","65930.85316","state39"
"miscellaneous-educational-instructional-state18","6124150.98085714","22600.62922","state18"
"miscellaneous-educational-instructional-state17","21587020.0222286","83174.6783","state17"
"miscellaneous-educational-instructional-state26","13866812.6026286","45143.31456","state26"
"miscellaneous-educational-instructional-state55","7065408.77948571","28906.67638","state55"
"miscellaneous-educational-instructional-state27","9302864.19925714","32205.95276","state27"
"miscellaneous-educational-instructional-state19","5840334.93222857","16956.40732","state19"
"miscellaneous-educational-instructional-state29","8168212.36217143","26568.70538","state29"
"miscellaneous-educational-instructional-state38","1405236.2124","4989.86998","state38"
"miscellaneous-educational-instructional-state46","1620939.93874286","5396.98566","state46"
"miscellaneous-educational-instructional-state31","3845799.21771429","12984.06508","state31"
"miscellaneous-educational-instructional-state20","5451272.77714286","19226.62058","state20"
"miscellaneous-educational-instructional-state10","2787296.05508571","9082.46908","state10"
"miscellaneous-educational-instructional-state24","12053356.6817143","39542.8133","state24"
"miscellaneous-educational-instructional-state11","1649232.56382857","5570.42504","state11"
"miscellaneous-educational-instructional-state51","15504237.3762857","58614.66814","state51"
"miscellaneous-educational-instructional-state54","2453644.04314286","8708.33244","state54"
"miscellaneous-educational-instructional-state37","14739984.5065714","55681.28618","state37"
"miscellaneous-educational-instructional-state45","7337551.36457143","24178.06828","state45"
"miscellaneous-educational-instructional-state13","15494285.1171429","57203.6915","state13"
"miscellaneous-educational-instructional-state12","31386658.9654286","110211.22588","state12"
"miscellaneous-educational-instructional-state21","6206979.96531429","20321.86074","state21"
"miscellaneous-educational-instructional-state47","10410321.0432","34907.77628","state47"
"miscellaneous-educational-instructional-state01","6870125.99142857","21616.013","state01"
"miscellaneous-educational-instructional-state28","3624222.1116","11559.52098","state28"
"miscellaneous-educational-instructional-state05","4224787.79382857","13669.02266","state05"
"miscellaneous-educational-instructional-state22","7618926.04542857","25405.09672","state22"
"miscellaneous-educational-instructional-state40","5613487.10057143","19707.31182","state40"
"miscellaneous-educational-instructional-state48","50188920.7525714","168008.25808","state48"
"miscellaneous-educational-instructional-state30","1110021.51445714","4962.63996","state30"
"miscellaneous-educational-instructional-state16","2642733.15771429","10510.72314","state16"
"miscellaneous-educational-instructional-state56","1039134.18257143","3773.21434","state56"
"miscellaneous-educational-instructional-state08","10459477.0184571","39003.61452","state08"
"miscellaneous-educational-instructional-state35","3166795.38017143","11094.06434","state35"
"miscellaneous-educational-instructional-state04","12651538.5879429","41466.33708","state04"
"miscellaneous-educational-instructional-state49","6155764.14257143","27886.31238","state49"
"miscellaneous-educational-instructional-state32","4039204.75114286","14696.49612","state32"
"miscellaneous-educational-instructional-state53","11394930.7359429","43216.2711","state53"
"miscellaneous-educational-instructional-state41","5639541.54668571","23722.7176","state41"
"miscellaneous-educational-instructional-state06","49504102.4864571","193301.97792","state06"
"miscellaneous-educational-instructional-state02","1295836.4124","3929.5545","state02"
"miscellaneous-educational-instructional-state15","2703126.09668571","9033.19386","state15"
"miscellaneous-health-praticioner-non-doctor-or-nurse-state23","3940724.63211429","13574.39786","state23"
"miscellaneous-health-praticioner-non-doctor-or-nurse-state33","2484574.26634286","8792.83262","state33"
"miscellaneous-health-praticioner-non-doctor-or-nurse-state50","1934472.00428571","6207.56164","state50"
"miscellaneous-health-praticioner-non-doctor-or-nurse-state25","15095047.2342857","50842.0876","state25"
"miscellaneous-health-praticioner-non-doctor-or-nurse-state44","2589556.88262857","9573.5295","state44"
"miscellaneous-health-praticioner-non-doctor-or-nurse-state09","9563490.59742857","30439.48092","state09"
"miscellaneous-health-praticioner-non-doctor-or-nurse-state36","44999895.7184571","149620.99546","state36"
"miscellaneous-health-praticioner-non-doctor-or-nurse-state34","19754367.1016571","62411.20096","state34"
"miscellaneous-health-praticioner-non-doctor-or-nurse-state42","38256189.5300571","122491.20044","state42"
"miscellaneous-health-praticioner-non-doctor-or-nurse-state39","32724010.7264571","108308.54576","state39"
"miscellaneous-health-praticioner-non-doctor-or-nurse-state18","17515872.0675429","55484.19822","state18"
"miscellaneous-health-praticioner-non-doctor-or-nurse-state17","30658158.6305143","94790.0275","state17"
"miscellaneous-health-praticioner-non-doctor-or-nurse-state26","29776604.9093143","100138.99318","state26"
"miscellaneous-health-praticioner-non-doctor-or-nurse-state55","18212186.8448571","61398.15198","state55"
"miscellaneous-health-praticioner-non-doctor-or-nurse-state27","14999532.1654286","46099.00134","state27"
"miscellaneous-health-praticioner-non-doctor-or-nurse-state19","8934529.7928","31524.80566","state19"
"miscellaneous-health-praticioner-non-doctor-or-nurse-state29","15833412.7328571","51536.60074","state29"
"miscellaneous-health-praticioner-non-doctor-or-nurse-state38","1949633.59628571","6210.6622","state38"
"miscellaneous-health-praticioner-non-doctor-or-nurse-state46","3023948.4492","9365.20026","state46"
"miscellaneous-health-praticioner-non-doctor-or-nurse-state31","4594236.32451429","16479.27528","state31"
"miscellaneous-health-praticioner-non-doctor-or-nurse-state20","9023635.57388571","26113.36884","state20"
"miscellaneous-health-praticioner-non-doctor-or-nurse-state10","2482451.92851429","8735.0114","state10"
"miscellaneous-health-praticioner-non-doctor-or-nurse-state24","15895425.1155429","48613.22172","state24"
"miscellaneous-health-praticioner-non-doctor-or-nurse-state11","869687.3196","2804.19422","state11"
"miscellaneous-health-praticioner-non-doctor-or-nurse-state51","16502899.1322857","62516.91446","state51"
"miscellaneous-health-praticioner-non-doctor-or-nurse-state54","5720858.33057143","17187.83028","state54"
"miscellaneous-health-praticioner-non-doctor-or-nurse-state37","24388373.0070857","79923.79948","state37"
"miscellaneous-health-praticioner-non-doctor-or-nurse-state45","16843040.8014857","52556.3609","state45"
"miscellaneous-health-praticioner-non-doctor-or-nurse-state13","27044934.0003429","84252.135","state13"
"miscellaneous-health-praticioner-non-doctor-or-nurse-state12","56783450.6129143","177508.41088","state12"
"miscellaneous-health-praticioner-non-doctor-or-nurse-state21","10398573.6819429","36610.52998","state21"
"miscellaneous-health-praticioner-non-doctor-or-nurse-state47","18243865.2934286","55699.5304","state47"
"miscellaneous-health-praticioner-non-doctor-or-nurse-state01","14660451.5108571","40912.6326","state01"
"miscellaneous-health-praticioner-non-doctor-or-nurse-state28","6965675.04","21682.12416","state28"
"miscellaneous-health-praticioner-non-doctor-or-nurse-state05","9695425.52691429","28873.89668","state05"
"miscellaneous-health-praticioner-non-doctor-or-nurse-state22","13432817.0612571","42715.06142","state22"
"miscellaneous-health-praticioner-non-doctor-or-nurse-state40","9731040.14434286","31225.37154","state40"
"miscellaneous-health-praticioner-non-doctor-or-nurse-state48","76274019.8256","223756.42554","state48"
"miscellaneous-health-praticioner-non-doctor-or-nurse-state30","4357085.08748571","14013.48218","state30"
"miscellaneous-health-praticioner-non-doctor-or-nurse-state16","5800441.8108","19433.12848","state16"
"miscellaneous-health-praticioner-non-doctor-or-nurse-state56","1324319.59405714","4131.0478","state56"
"miscellaneous-health-praticioner-non-doctor-or-nurse-state08","16391423.2182857","54815.4121","state08"
"miscellaneous-health-praticioner-non-doctor-or-nurse-state35","6193396.11497143","18890.98334","state35"
"miscellaneous-health-praticioner-non-doctor-or-nurse-state04","22009659.2076","68613.91458","state04"
"miscellaneous-health-praticioner-non-doctor-or-nurse-state49","7775358.54857143","28678.61042","state49"
"miscellaneous-health-praticioner-non-doctor-or-nurse-state32","7927152.64954286","25805.67578","state32"
"miscellaneous-health-praticioner-non-doctor-or-nurse-state53","22753574.3310857","71464.86576","state53"
"miscellaneous-health-praticioner-non-doctor-or-nurse-state41","13876917.3483429","43972.85982","state41"
"miscellaneous-health-praticioner-non-doctor-or-nurse-state06","84896717.5746857","273775.8988","state06"
"miscellaneous-health-praticioner-non-doctor-or-nurse-state02","1595283.63445714","4765.40396","state02"
"miscellaneous-health-praticioner-non-doctor-or-nurse-state15","3285619.59771429","12078.01264","state15"
"nurses-state23","6969278.81057143","23224.58006","state23"
"nurses-state33","5655945.80245714","19677.3861","state33"
"nurses-state50","3066173.97102857","10046.78872","state50"
"nurses-state25","36062524.6854857","113520.62756","state25"
"nurses-state44","4241718.29588571","13974.3133","state44"
"nurses-state09","18203763.2828571","58104.49098","state09"
"nurses-state36","82232598.4551429","251174.2981","state36"
"nurses-state34","43397804.9331429","130639.13746","state34"
"nurses-state42","66150882.5314286","211329.13824","state42"
"nurses-state39","54465100.4856","172203.42022","state39"
"nurses-state18","29047279.4192571","95258.83444","state18"
"nurses-state17","50420628.8358857","159435.44868","state17"
"nurses-state26","42583986.2592","137243.34986","state26"
"nurses-state55","25074444.7215429","81870.7535","state55"
"nurses-state27","32548452.0984","109410.91","state27"
"nurses-state19","12484952.0619429","42530.81572","state19"
"nurses-state29","33540155.1654857","98144.06558","state29"
"nurses-state38","4347128.06314286","14302.09838","state38"
"nurses-state46","4960135.98137143","16631.32498","state46"
"nurses-state31","8395592.0268","27877.90428","state31"
"nurses-state20","13393774.3832571","45441.23894","state20"
"nurses-state10","5026080.74074286","15851.2901","state10"
"nurses-state24","23901402.5194286","79550.5281","state24"
"nurses-state11","1147108.16091429","3601.51276","state11"
"nurses-state51","32408884.1502857","110097.08634","state51"
"nurses-state54","9128580.18154286","27854.91606","state54"
"nurses-state37","42247084.0232571","138660.75362","state37"
"nurses-state45","25044208.0314857","82860.25972","state45"
"nurses-state13","43105701.8281714","134680.82424","state13"
"nurses-state12","102529686.416743","317435.50402","state12"
"nurses-state21","22341467.916","70265.03228","state21"
"nurses-state47","35331075.9512571","111675.95238","state47"
"nurses-state01","23362250.9208","71701.32174","state01"
"nurses-state28","15409819.9952571","47331.25398","state28"
"nurses-state05","17108435.9950286","52608.08866","state05"
"nurses-state22","25263424.4173714","77303.76462","state22"
"nurses-state40","17874013.9078286","56717.35436","state40"
"nurses-state48","108312444.5688","329059.06372","state48"
"nurses-state30","3900522.4236","14380.45048","state30"
"nurses-state16","6808126.69817143","22461.30174","state16"
"nurses-state56","2083475.43085714","6212.59264","state56"
"nurses-state08","19744595.2359429","66810.57724","state08"
"nurses-state35","7117695.00994286","21632.1711","state35"
"nurses-state04","22171797.6332571","70410.7878","state04"
"nurses-state49","10092854.5366286","32954.66922","state49"
"nurses-state32","10022403.5938286","30416.80318","state32"
"nurses-state53","22310288.3088","77532.21816","state53"
"nurses-state41","15303958.3056","54601.8282","state41"
"nurses-state06","133725756.304114","419224.06172","state06"
"nurses-state02","2466275.46668571","7658.69658","state02"
"nurses-state15","4293824.45468571","14290.19456","state15"
"nursing-psychiatric-and-home-health-aides-state23","4575623.52771429","14792.39922","state23"
"nursing-psychiatric-and-home-health-aides-state33","3657557.70582857","12892.93862","state33"
"nursing-psychiatric-and-home-health-aides-state50","1634344.42697143","5527.72128","state50"
"nursing-psychiatric-and-home-health-aides-state25","18202481.5160571","63357.976","state25"
"nursing-psychiatric-and-home-health-aides-state44","3716563.1952","13784.69586","state44"
"nursing-psychiatric-and-home-health-aides-state09","10635362.0429143","36432.58044","state09"
"nursing-psychiatric-and-home-health-aides-state36","92581973.3041714","309943.38764","state36"
"nursing-psychiatric-and-home-health-aides-state34","25185522.2835429","80656.25794","state34"
"nursing-psychiatric-and-home-health-aides-state42","43616601.9147429","139110.83184","state42"
"nursing-psychiatric-and-home-health-aides-state39","36569399.1072","125243.8574","state39"
"nursing-psychiatric-and-home-health-aides-state18","18331599.3289714","58139.25028","state18"
"nursing-psychiatric-and-home-health-aides-state17","31078253.4922286","104832.61616","state17"
"nursing-psychiatric-and-home-health-aides-state26","31048736.1041143","112041.72152","state26"
"nursing-psychiatric-and-home-health-aides-state55","14284294.4148","53950.67988","state55"
"nursing-psychiatric-and-home-health-aides-state27","15497405.6031429","55559.45614","state27"
"nursing-psychiatric-and-home-health-aides-state19","9845505.86125714","34758.21562","state19"
"nursing-psychiatric-and-home-health-aides-state29","22810042.2","74850.85036","state29"
"nursing-psychiatric-and-home-health-aides-state38","2103369.04645714","7475.73712","state38"
"nursing-psychiatric-and-home-health-aides-state46","2102260.65","7237.94718","state46"
"nursing-psychiatric-and-home-health-aides-state31","6318824.31908571","21948.6331","state31"
"nursing-psychiatric-and-home-health-aides-state20","11444286.4587429","37869.12714","state20"
"nursing-psychiatric-and-home-health-aides-state10","3162273.7884","12680.33144","state10"
"nursing-psychiatric-and-home-health-aides-state24","16330226.6163429","48580.3428","state24"
"nursing-psychiatric-and-home-health-aides-state11","1001065.28297143","3281.93114","state11"
"nursing-psychiatric-and-home-health-aides-state51","17218410.2084571","58010.15732","state51"
"nursing-psychiatric-and-home-health-aides-state54","5024280.23657143","16481.85508","state54"
"nursing-psychiatric-and-home-health-aides-state37","27381775.2178286","100386.92062","state37"
"nursing-psychiatric-and-home-health-aides-state45","13060737.7248","44023.00066","state45"
"nursing-psychiatric-and-home-health-aides-state13","23485866.8497714","72967.3881","state13"
"nursing-psychiatric-and-home-health-aides-state12","65183617.3673143","207594.17566","state12"
"nursing-psychiatric-and-home-health-aides-state21","13531401.3977143","43938.07138","state21"
"nursing-psychiatric-and-home-health-aides-state47","14247203.8414286","44476.34164","state47"
"nursing-psychiatric-and-home-health-aides-state01","12919257.5869714","41442.77988","state01"
"nursing-psychiatric-and-home-health-aides-state28","8535907.18491429","27148.39354","state28"
"nursing-psychiatric-and-home-health-aides-state05","8790108.49714286","31277.7802","state05"
"nursing-psychiatric-and-home-health-aides-state22","13901807.8417714","45230.79018","state22"
"nursing-psychiatric-and-home-health-aides-state40","10417822.5942857","35479.9407","state40"
"nursing-psychiatric-and-home-health-aides-state48","66539580.1218857","221491.8556","state48"
"nursing-psychiatric-and-home-health-aides-state30","2494336.57782857","8565.50358","state30"
"nursing-psychiatric-and-home-health-aides-state16","3676082.1912","13529.2194","state16"
"nursing-psychiatric-and-home-health-aides-state56","1064410.25811429","3716.73794","state56"
"nursing-psychiatric-and-home-health-aides-state08","12502982.6813143","42780.2346","state08"
"nursing-psychiatric-and-home-health-aides-state35","6281316.31251429","19991.76962","state35"
"nursing-psychiatric-and-home-health-aides-state04","18812626.7749714","60975.00754","state04"
"nursing-psychiatric-and-home-health-aides-state49","6079658.18228571","22924.75086","state49"
"nursing-psychiatric-and-home-health-aides-state32","4370676.37611429","13581.04702","state32"
"nursing-psychiatric-and-home-health-aides-state53","20494898.2776","72300.64952","state53"
"nursing-psychiatric-and-home-health-aides-state41","8947066.89617143","29318.45584","state41"
"nursing-psychiatric-and-home-health-aides-state06","86314466.3825143","281567.49422","state06"
"nursing-psychiatric-and-home-health-aides-state02","2042754.36171429","6054.44388","state02"
"nursing-psychiatric-and-home-health-aides-state15","3523096.38171429","11043.50406","state15"
"personal-care-aides-state23","2642616.35811429","9008.71468","state23"
"personal-care-aides-state33","1611398.61428571","4552.4863","state33"
"personal-care-aides-state50","1252657.64245714","3414.5745","state50"
"personal-care-aides-state25","9132251.03931429","32805.62586","state25"
"personal-care-aides-state44","1893661.47617143","6194.54386","state44"
"personal-care-aides-state09","4495084.092","18729.61142","state09"
"personal-care-aides-state36","29101292.0185714","96148.72508","state36"
"personal-care-aides-state34","9030572.17457143","29351.45686","state34"
"personal-care-aides-state42","18699178.7898857","59587.06688","state42"
"personal-care-aides-state39","9716779.11257143","34564.10156","state39"
"personal-care-aides-state18","4453713.53931429","16858.41016","state18"
"personal-care-aides-state17","17867143.0808571","62542.03856","state17"
"personal-care-aides-state26","9162499.97674286","37521.54206","state26"
"personal-care-aides-state55","10145548.7448","35310.92434","state55"
"personal-care-aides-state27","10477983.1494857","37607.13596","state27"
"personal-care-aides-state19","3797390.20937143","13201.54094","state19"
"personal-care-aides-state29","5221868.53388571","19096.92032","state29"
"personal-care-aides-state38","998626.3908","3547.39756","state38"
"personal-care-aides-state46","825224.778","2629.23018","state46"
"personal-care-aides-state31","922197.834857143","4406.71182","state31"
"personal-care-aides-state20","2984936.00674286","8009.35278","state20"
"personal-care-aides-state10","1451001.34645714","4739.47544","state10"
"personal-care-aides-state24","4708910.32645714","16447.02292","state24"
"personal-care-aides-state11","486345.282857143","1481.98068","state11"
"personal-care-aides-state51","9505416.21342857","34115.97294","state51"
"personal-care-aides-state54","3401976.94971429","10525.71958","state54"
"personal-care-aides-state37","5924635.66885714","21927.40738","state37"
"personal-care-aides-state45","3646499.08594286","14376.68924","state45"
"personal-care-aides-state13","6314556.78188571","21490.04678","state13"
"personal-care-aides-state12","13785645.3534857","46585.63168","state12"
"personal-care-aides-state21","3524733.28114286","11943.60736","state21"
"personal-care-aides-state47","6833500.84954286","25415.88686","state47"
"personal-care-aides-state01","3402057.13182857","12650.80804","state01"
"personal-care-aides-state28","3885528.44091429","12309.40574","state28"
"personal-care-aides-state05","2870464.58228571","9973.15332","state05"
"personal-care-aides-state22","6139343.88051429","21059.85712","state22"
"personal-care-aides-state40","3603714.98485714","11631.30524","state40"
"personal-care-aides-state48","27435528.6574286","98952.43048","state48"
"personal-care-aides-state30","1014272.97325714","3957.16566","state30"
"personal-care-aides-state16","3193468.52605714","10635.472","state16"
"personal-care-aides-state56","789187.450628571","2243.00252","state56"
"personal-care-aides-state08","4128115.35668571","14040.38026","state08"
"personal-care-aides-state35","5220487.65548571","17781.14034","state35"
"personal-care-aides-state04","10868316.7752","40495.13824","state04"
"personal-care-aides-state49","2100358.02308571","8109.984","state49"
"personal-care-aides-state32","1962352.458","6257.42526","state32"
"personal-care-aides-state53","16100727.3267429","58337.36728","state53"
"personal-care-aides-state41","10891535.1942857","40306.73734","state41"
"personal-care-aides-state06","103477745.436686","361991.75374","state06"
"personal-care-aides-state02","1084273.66971429","3736.94804","state02"
"personal-care-aides-state15","1949127.42771429","5632.7777","state15"
"physicians-and-surgeons-state23","2189849.91702857","4814.8063","state23"
"physicians-and-surgeons-state33","2918364.52782857","7854.91344","state33"
"physicians-and-surgeons-state50","1419980.9724","3737.26042","state50"
"physicians-and-surgeons-state25","13877217.9882857","36270.57438","state25"
"physicians-and-surgeons-state44","2730582.37371429","8612.48102","state44"
"physicians-and-surgeons-state09","3538445.76514286","10160.51594","state09"
"physicians-and-surgeons-state36","29414741.8930286","68258.26062","state36"
"physicians-and-surgeons-state34","12909614.1972","38077.217","state34"
"physicians-and-surgeons-state42","24001027.7772","54601.95204","state42"
"physicians-and-surgeons-state39","14994100.0476","43548.22314","state39"
"physicians-and-surgeons-state18","8229316.58022857","17921.01856","state18"
"physicians-and-surgeons-state17","13772131.3722857","30937.57936","state17"
"physicians-and-surgeons-state26","14981280.4632","34757.947","state26"
"physicians-and-surgeons-state55","7038713.17165714","16942.04408","state55"
"physicians-and-surgeons-state27","5487686.21948571","13715.75592","state27"
"physicians-and-surgeons-state19","3934142.50131429","8796.22732","state19"
"physicians-and-surgeons-state29","4059301.69131429","9484.9342","state29"
"physicians-and-surgeons-state38","626125.192628571","1577.20178","state38"
"physicians-and-surgeons-state46","607881.226285714","1341.1377","state46"
"physicians-and-surgeons-state31","3051387.05657143","7456.19174","state31"
"physicians-and-surgeons-state20","3258805.07742857","9235.71768","state20"
"physicians-and-surgeons-state10","557096.462571429","2074.18244","state10"
"physicians-and-surgeons-state24","5853311.01857143","17795.12904","state24"
"physicians-and-surgeons-state11","1444652.71577143","3512.64732","state11"
"physicians-and-surgeons-state51","8107502.244","22316.96526","state51"
"physicians-and-surgeons-state54","1313228.77045714","3261.3105","state54"
"physicians-and-surgeons-state37","11086903.8243429","31298.4147","state37"
"physicians-and-surgeons-state45","4522793.84108571","12048.44582","state45"
"physicians-and-surgeons-state13","8526989.61617143","22829.39578","state13"
"physicians-and-surgeons-state12","28284014.5594286","74461.16352","state12"
"physicians-and-surgeons-state47","9433926.96428571","20915.91028","state47"
"physicians-and-surgeons-state01","3149566.97142857","8885.864","state01"
"physicians-and-surgeons-state28","1502614.46057143","4441.99984","state28"
"physicians-and-surgeons-state05","2588587.26942857","6538.94084","state05"
"physicians-and-surgeons-state22","3937377.40148571","11312.0535","state22"
"physicians-and-surgeons-state40","3569566.03714286","8943.92742","state40"
"physicians-and-surgeons-state48","20890041.2688","55079.56252","state48"
"physicians-and-surgeons-state30","733313.941714286","2840.63942","state30"
"physicians-and-surgeons-state16","1736709.5856","4598.43714","state16"
"physicians-and-surgeons-state56","342732.315428571","932.42874","state56"
"physicians-and-surgeons-state08","6069468.44262857","14926.6219","state08"
"physicians-and-surgeons-state35","1633752.98914286","4325.78234","state35"
"physicians-and-surgeons-state04","10700767.3383429","26447.3212","state04"
"physicians-and-surgeons-state49","4528007.56628571","9943.25728","state49"
"physicians-and-surgeons-state32","2688427.99954286","7308.595","state32"
"physicians-and-surgeons-state53","9620075.41114286","22296.085","state53"
"physicians-and-surgeons-state41","6388945.13931429","18169.04616","state41"
"physicians-and-surgeons-state06","42301008.5564571","110465.83978","state06"
"physicians-and-surgeons-state02","886338.123085714","2474.43476","state02"
"physicians-and-surgeons-state15","1097896.824","3560.78694","state15"
"physicians-and-surgeons-state21","3133857.93514286","10599.02936","state21"
"postsecondary-teachers-state23","1700204.14937143","6385.35146","state23"
"postsecondary-teachers-state33","984748.345714286","3315.75268","state33"
"postsecondary-teachers-state50","1720558.3644","4999.17778","state50"
"postsecondary-teachers-state25","14927248.6374857","48530.05776","state25"
"postsecondary-teachers-state44","2328266.77457143","7061.82166","state44"
"postsecondary-teachers-state09","4178906.622","13861.703","state09"
"postsecondary-teachers-state36","26140155.9581143","88083.50392","state36"
"postsecondary-teachers-state34","9885930.16457143","29758.43354","state34"
"postsecondary-teachers-state42","16969011.0072","48501.15326","state42"
"postsecondary-teachers-state39","12242534.6307429","38192.57628","state39"
"postsecondary-teachers-state18","8805788.928","25274.74136","state18"
"postsecondary-teachers-state17","15785877.5773714","46085.50658","state17"
"postsecondary-teachers-state26","9795185.30057143","30103.12502","state26"
"postsecondary-teachers-state55","6599480.81074286","20849.9811","state55"
"postsecondary-teachers-state27","7598318.36554286","24226.4959","state27"
"postsecondary-teachers-state19","5132678.52462857","17593.34482","state19"
"postsecondary-teachers-state29","7860342.7644","23341.1527","state29"
"postsecondary-teachers-state38","966328.287428571","2581.40836","state38"
"postsecondary-teachers-state46","327022.518","1479.7584","state46"
"postsecondary-teachers-state31","2412878.43874286","7723.38356","state31"
"postsecondary-teachers-state20","3688776.13097143","10385.09606","state20"
"postsecondary-teachers-state10","1122614.35165714","3101.33372","state10"
"postsecondary-teachers-state24","12021242.2047429","33436.68424","state24"
"postsecondary-teachers-state11","1706373.70337143","5032.48308","state11"
"postsecondary-teachers-state51","12551968.1358857","37442.9822","state51"
"postsecondary-teachers-state54","1585132.71205714","4719.93552","state54"
"postsecondary-teachers-state37","9424272.85474286","32284.70884","state37"
"postsecondary-teachers-state45","4802695.97588571","14239.86964","state45"
"postsecondary-teachers-state13","12412879.0157143","35394.04148","state13"
"postsecondary-teachers-state12","11114378.1792","37400.55314","state12"
"postsecondary-teachers-state21","3863118.49268571","10378.53408","state21"
"postsecondary-teachers-state47","10951840.6100571","35991.10254","state47"
"postsecondary-teachers-state01","5856160.29925714","17007.77872","state01"
"postsecondary-teachers-state28","2100376.84028571","7892.12898","state28"
"postsecondary-teachers-state05","3586581.88405714","11843.35414","state05"
"postsecondary-teachers-state22","4852253.12725714","15997.6473","state22"
"postsecondary-teachers-state40","2121469.308","8179.3371","state40"
"postsecondary-teachers-state48","21370859.9391429","69291.28534","state48"
"postsecondary-teachers-state30","945685.070228571","3511.26722","state30"
"postsecondary-teachers-state16","2259867.33325714","7566.9494","state16"
"postsecondary-teachers-state56","504138.306","1721.89362","state56"
"postsecondary-teachers-state08","6941673.88114286","20612.84696","state08"
"postsecondary-teachers-state35","2879618.55668571","8822.67348","state35"
"postsecondary-teachers-state04","7764730.12611429","22996.28582","state04"
"postsecondary-teachers-state49","3244515.38554286","11854.22198","state49"
"postsecondary-teachers-state32","2128122.3168","7391.08186","state32"
"postsecondary-teachers-state53","6540846.732","19339.9844","state53"
"postsecondary-teachers-state41","4452561.59194286","15680.6639","state41"
"postsecondary-teachers-state06","34833117.3610286","113986.0141","state06"
"postsecondary-teachers-state02","365542.92","1032.00264","state02"
"postsecondary-teachers-state15","2011332.14262857","6382.22108","state15"
"preschool-and-kindergarten-teachers-state23","1164282.36754286","3804.1156","state23"
"preschool-and-kindergarten-teachers-state33","1177830.11862857","3503.69578","state33"
"preschool-and-kindergarten-teachers-state50","705341.402057143","1873.02804","state50"
"preschool-and-kindergarten-teachers-state25","5262302.10514286","17766.42042","state25"
"preschool-and-kindergarten-teachers-state44","778216.398","2361.50996","state44"
"preschool-and-kindergarten-teachers-state09","3963086.36845714","13032.31658","state09"
"preschool-and-kindergarten-teachers-state36","10533854.7800571","31837.09202","state36"
"preschool-and-kindergarten-teachers-state34","6554672.96862857","20727.17578","state34"
"preschool-and-kindergarten-teachers-state42","5508601.48611429","20637.15402","state42"
"preschool-and-kindergarten-teachers-state39","7159532.83782857","23939.0732","state39"
"preschool-and-kindergarten-teachers-state18","4673568.76405714","15221.30768","state18"
"preschool-and-kindergarten-teachers-state17","4861128.07422857","15116.82282","state17"
"preschool-and-kindergarten-teachers-state26","7535160.37474286","23843.47646","state26"
"preschool-and-kindergarten-teachers-state55","3786992.28822857","11250.7744","state55"
"preschool-and-kindergarten-teachers-state27","4476753.38194286","14375.90472","state27"
"preschool-and-kindergarten-teachers-state19","1998201.63377143","5703.49558","state19"
"preschool-and-kindergarten-teachers-state29","4782824.60485714","15200.5735","state29"
"preschool-and-kindergarten-teachers-state38","927077.3652","2807.42832","state38"
"preschool-and-kindergarten-teachers-state46","796603.067142857","2486.79186","state46"
"preschool-and-kindergarten-teachers-state31","1837941.32931429","6143.8286","state31"
"preschool-and-kindergarten-teachers-state20","2953650.81754286","8883.87602","state20"
"preschool-and-kindergarten-teachers-state10","653250.225257143","2205.45796","state10"
"preschool-and-kindergarten-teachers-state24","5578315.66834286","16762.03362","state24"
"preschool-and-kindergarten-teachers-state11","482154.977142857","1438.65732","state11"
"preschool-and-kindergarten-teachers-state51","5277392.41062857","17463.57314","state51"
"preschool-and-kindergarten-teachers-state54","890967.348342857","3017.7793","state54"
"preschool-and-kindergarten-teachers-state37","6815496.08571429","21150.9774","state37"
"preschool-and-kindergarten-teachers-state45","3886217.9088","12269.81458","state45"
"preschool-and-kindergarten-teachers-state13","7187074.14462857","25253.57008","state13"
"preschool-and-kindergarten-teachers-state12","11714661.4498286","36769.5965","state12"
"preschool-and-kindergarten-teachers-state21","3368742.0612","11305.34682","state21"
"preschool-and-kindergarten-teachers-state47","4304788.28931429","14450.6653","state47"
"preschool-and-kindergarten-teachers-state01","4248118.56565714","13850.27416","state01"
"preschool-and-kindergarten-teachers-state28","2411184.68657143","7670.96678","state28"
"preschool-and-kindergarten-teachers-state05","2338425.06737143","7231.04992","state05"
"preschool-and-kindergarten-teachers-state22","3679377.51137143","12318.76448","state22"
"preschool-and-kindergarten-teachers-state40","2899697.96091429","9681.511","state40"
"preschool-and-kindergarten-teachers-state48","17187354.1666286","58007.61072","state48"
"preschool-and-kindergarten-teachers-state30","488338.844571429","1652.3203","state30"
"preschool-and-kindergarten-teachers-state16","907861.225371429","3110.00512","state16"
"preschool-and-kindergarten-teachers-state56","500140.458171429","1518.6517","state56"
"preschool-and-kindergarten-teachers-state08","3911898.7596","13863.26468","state08"
"preschool-and-kindergarten-teachers-state35","1200728.94891429","3657.63466","state35"
"preschool-and-kindergarten-teachers-state04","1940234.3952","6474.90264","state04"
"preschool-and-kindergarten-teachers-state49","1104832.17188571","3901.3454","state49"
"preschool-and-kindergarten-teachers-state32","1367790.42857143","4116.46404","state32"
"preschool-and-kindergarten-teachers-state53","5857679.15588571","19651.72524","state53"
"preschool-and-kindergarten-teachers-state41","2382969.936","7397.85576","state41"
"preschool-and-kindergarten-teachers-state06","19164832.7564571","60966.033","state06"
"preschool-and-kindergarten-teachers-state02","439248.062571429","1441.39396","state02"
"preschool-and-kindergarten-teachers-state15","321111.2628","1454.8659","state15"
"secondary-school-teachers-state23","2147738.91274286","5926.32246","state23"
"secondary-school-teachers-state33","2060721.09754286","5808.4461","state33"
"secondary-school-teachers-state50","1543966.23822857","4299.27738","state50"
"secondary-school-teachers-state25","14226988.6314857","41914.47238","state25"
"secondary-school-teachers-state44","1593739.21354286","5237.85978","state44"
"secondary-school-teachers-state09","5952088.92085714","20160.3951","state09"
"secondary-school-teachers-state36","20696205.0992571","63397.61192","state36"
"secondary-school-teachers-state34","14457642.7532571","39890.06174","state34"
"secondary-school-teachers-state42","14573046.1057714","41049.90692","state42"
"secondary-school-teachers-state39","16071502.9534286","44353.9503","state39"
"secondary-school-teachers-state18","5047957.46777143","15213.89572","state18"
"secondary-school-teachers-state17","11301178.0602857","33211.42364","state17"
"secondary-school-teachers-state26","7831711.79622857","22969.51416","state26"
"secondary-school-teachers-state55","9996790.7328","26625.87526","state55"
"secondary-school-teachers-state27","5178887.23714286","14553.83084","state27"
"secondary-school-teachers-state19","4006596.00171429","11159.22584","state19"
"secondary-school-teachers-state29","8316933.64937143","22257.47728","state29"
"secondary-school-teachers-state38","658894.603714286","1887.94578","state38"
"secondary-school-teachers-state46","695149.523142857","2226.75806","state46"
"secondary-school-teachers-state31","2986558.75457143","9540.14842","state31"
"secondary-school-teachers-state20","3352283.00451429","9159.21024","state20"
"secondary-school-teachers-state10","1662278.12502857","5116.7901","state10"
"secondary-school-teachers-state24","7050011.77234286","20724.10362","state24"
"secondary-school-teachers-state11","715509.133542857","2112.58172","state11"
"secondary-school-teachers-state51","11448614.202","33501.09332","state51"
"secondary-school-teachers-state54","1888642.80222857","5586.94848","state54"
"secondary-school-teachers-state37","7934125.07485714","25405.746","state37"
"secondary-school-teachers-state45","5934779.28994286","17742.68268","state45"
"secondary-school-teachers-state13","6939681.336","19017.64846","state13"
"secondary-school-teachers-state12","16795325.7972","46482.10668","state12"
"secondary-school-teachers-state21","3437679.77314286","10309.07958","state21"
"secondary-school-teachers-state47","9455642.74525714","27182.24466","state47"
"secondary-school-teachers-state01","4661234.51571429","12890.18686","state01"
"secondary-school-teachers-state28","4003710.23948571","11443.24488","state28"
"secondary-school-teachers-state05","2464654.69714286","6615.74052","state05"
"secondary-school-teachers-state22","4337018.93845714","13145.29806","state22"
"secondary-school-teachers-state40","3912993.79542857","12124.84168","state40"
"secondary-school-teachers-state48","37169699.4850286","101734.5546","state48"
"secondary-school-teachers-state30","670237.964571429","2264.1467","state30"
"secondary-school-teachers-state16","1452911.18057143","5067.74158","state16"
"secondary-school-teachers-state56","1295211.79405714","3700.01202","state56"
"secondary-school-teachers-state08","4529037.186","12403.86942","state08"
"secondary-school-teachers-state35","2279920.63491429","6364.02098","state35"
"secondary-school-teachers-state04","3728302.35977143","10680.57166","state04"
"secondary-school-teachers-state49","3533510.84571429","10802.39632","state49"
"secondary-school-teachers-state32","2007657.18171429","5668.92288","state32"
"secondary-school-teachers-state53","9660803.52514286","26943.8728","state53"
"secondary-school-teachers-state41","4819408.55228571","13336.85736","state41"
"secondary-school-teachers-state06","26197548.9906857","77818.85638","state06"
"secondary-school-teachers-state02","646769.518285714","1703.70022","state02"
"secondary-school-teachers-state15","1305784.8552","3747.741","state15"
"social-workers-state23","4482890.64308571","13609.727","state23"
"social-workers-state33","2240582.75314286","7167.57854","state33"
"social-workers-state50","1567372.84765714","4773.41166","state50"
"social-workers-state25","19822579.6830857","59985.9913","state25"
"social-workers-state44","2258077.79057143","7746.60924","state44"
"social-workers-state09","7602509.22754286","22497.7075","state09"
"social-workers-state36","49574948.6381143","147241.876","state36"
"social-workers-state34","13495779.9920571","38876.1054","state34"
"social-workers-state42","27392873.0809714","82127.30182","state42"
"social-workers-state39","22418185.6537714","70181.40714","state39"
"social-workers-state18","6367751.46565714","22084.09476","state18"
"social-workers-state17","22422019.0932","65935.55402","state17"
"social-workers-state26","17395411.6949143","56327.01382","state26"
"social-workers-state55","10431661.6575429","31308.04834","state55"
"social-workers-state27","11183271.2660571","33756.08764","state27"
"social-workers-state19","6614235.57377143","20394.64202","state19"
"social-workers-state29","10364383.2342857","30481.00362","state29"
"social-workers-state38","1788332.24451429","5509.2366","state38"
"social-workers-state46","1851569.73274286","6068.65628","state46"
"social-workers-state31","5432868.22251429","15923.37712","state31"
"social-workers-state20","7574886.32451429","22752.52412","state20"
"social-workers-state10","1926491.62457143","5823.31112","state10"
"social-workers-state24","15338099.2385143","44096.7932","state24"
"social-workers-state11","4373158.81834286","12313.1841","state11"
"social-workers-state51","20275297.9416","62719.39878","state51"
"social-workers-state54","3282762.53194286","9921.65166","state54"
"social-workers-state37","15710399.3388","47462.65512","state37"
"social-workers-state45","6318454.34554286","17338.29362","state45"
"social-workers-state13","11688308.5707429","35475.15214","state13"
"social-workers-state12","26318303.3000571","76497.5745","state12"
"social-workers-state21","5743676.91394286","17198.25744","state21"
"social-workers-state47","11160455.8462286","33523.10632","state47"
"social-workers-state01","6690875.07668571","19663.83614","state01"
"social-workers-state28","3108193.48457143","9363.01894","state28"
"social-workers-state05","2553852.95485714","8186.63402","state05"
"social-workers-state22","5258116.21234286","16057.72478","state22"
"social-workers-state40","6428063.87914286","18536.1133","state40"
"social-workers-state48","34928942.0749714","104250.58396","state48"
"social-workers-state30","2110382.45657143","7019.40328","state30"
"social-workers-state16","3073405.54097143","10788.90766","state16"
"social-workers-state56","1227171.96257143","3813.71294","state56"
"social-workers-state08","11361701.9064","37214.88472","state08"
"social-workers-state35","3592383.30531429","11144.15488","state35"
"social-workers-state04","10930137.876","33106.82686","state04"
"social-workers-state49","3128130.25131429","10001.78366","state49"
"social-workers-state32","4163460.048","14002.94532","state32"
"social-workers-state53","13480547.1605143","41947.1863","state53"
"social-workers-state41","9545497.70314286","30006.40232","state41"
"social-workers-state06","68250880.8817714","200822.13814","state06"
"social-workers-state02","2770452.45617143","8555.30316","state02"
"social-workers-state15","2875024.49537143","8643.94144","state15"
"teacher-assistants-state23","1049194.68514286","3963.56018","state23"
"teacher-assistants-state33","2019969.666","7836.30412","state33"
"teacher-assistants-state50","1124554.56908571","3810.47362","state50"
"teacher-assistants-state25","11121261.9198857","41318.80754","state25"
"teacher-assistants-state44","787539.008057143","3601.72052","state44"
"teacher-assistants-state09","4394167.54371429","15209.89164","state09"
"teacher-assistants-state36","38898923.2709143","127610.64256","state36"
"teacher-assistants-state34","13123701.7808571","47032.7234","state34"
"teacher-assistants-state42","15037832.0149714","53268.90506","state42"
"teacher-assistants-state39","14120939.4207429","53588.48212","state39"
"teacher-assistants-state18","7865448.04474286","28779.88576","state18"
"teacher-assistants-state17","20301046.2990857","78174.8932","state17"
"teacher-assistants-state26","8784036.66102857","33653.0124","state26"
"teacher-assistants-state55","6054060.02485714","20196.34684","state55"
"teacher-assistants-state27","5613749.46","22717.8807","state27"
"teacher-assistants-state19","5458039.92411429","19679.24218","state19"
"teacher-assistants-state29","6534517.61057143","23188.51782","state29"
"teacher-assistants-state38","1282832.66262857","4522.56402","state38"
"teacher-assistants-state46","1043424.85354286","3684.83304","state46"
"teacher-assistants-state31","3178905.16045714","12787.78444","state31"
"teacher-assistants-state20","6184490.92868571","21315.4844","state20"
"teacher-assistants-state10","851972.948057143","2869.25262","state10"
"teacher-assistants-state24","9369263.99417143","32764.6558","state24"
"teacher-assistants-state11","555010.255885714","2322.13872","state11"
"teacher-assistants-state51","10909015.4321143","40067.58236","state51"
"teacher-assistants-state54","2072271.0432","6944.3502","state54"
"teacher-assistants-state37","8754191.46342857","30399.50152","state37"
"teacher-assistants-state45","4584477.59177143","15319.64956","state45"
"teacher-assistants-state13","12765651.2616","45448.41476","state13"
"teacher-assistants-state12","16402218.5266286","55548.64788","state12"
"teacher-assistants-state21","3266855.51142857","13019.1286","state21"
"teacher-assistants-state47","7670764.92394286","24631.06526","state47"
"teacher-assistants-state01","3193786.18148571","10560.25608","state01"
"teacher-assistants-state28","2965307.34102857","8979.26334","state28"
"teacher-assistants-state05","3441333.03651429","11742.93214","state05"
"teacher-assistants-state22","4103786.69108571","15528.89836","state22"
"teacher-assistants-state40","5495239.43297143","19303.22306","state40"
"teacher-assistants-state48","28404666.8763429","99007.07516","state48"
"teacher-assistants-state30","1229955.98142857","5026.49786","state30"
"teacher-assistants-state16","1985913.08451429","7971.9008","state16"
"teacher-assistants-state56","1265019.7164","4281.61128","state56"
"teacher-assistants-state08","9264371.5596","31716.03104","state08"
"teacher-assistants-state35","3209248.66628571","10861.70088","state35"
"teacher-assistants-state04","7846629.11811429","26552.26896","state04"
"teacher-assistants-state49","3935522.6616","19479.16436","state49"
"teacher-assistants-state32","2489680.278","8224.03408","state32"
"teacher-assistants-state53","9671550.24788572","34377.87882","state53"
"teacher-assistants-state41","6545951.84657143","26617.4796","state41"
"teacher-assistants-state06","41725433.4714857","158612.69392","state06"
"teacher-assistants-state02","1209269.44902857","3896.69434","state02"
"teacher-assistants-state15","2130802.76194286","7149.92896","state15"
"waiters-and-waitresses-state23","2732051.46257143","12367.85152","state23"
"waiters-and-waitresses-state33","2083254.29708571","8239.28092","state33"
"waiters-and-waitresses-state50","726785.807657143","3321.83594","state50"
"waiters-and-waitresses-state25","12171978.4472571","54089.8876","state25"
"waiters-and-waitresses-state44","2410558.70314286","9323.91562","state44"
"waiters-and-waitresses-state09","4012977.48325714","21167.14182","state09"
"waiters-and-waitresses-state36","36809639.5551429","143478.9174","state36"
"waiters-and-waitresses-state34","12427003.9592571","49331.24162","state34"
"waiters-and-waitresses-state42","18796807.9239429","89904.34498","state42"
"waiters-and-waitresses-state39","17944635.0538286","92380.36724","state39"
"waiters-and-waitresses-state18","13071142.0812","51493.47492","state18"
"waiters-and-waitresses-state17","16300742.9094857","74330.28442","state17"
"waiters-and-waitresses-state26","15844936.2468","68515.32576","state26"
"waiters-and-waitresses-state55","8376058.536","36070.5738","state55"
"waiters-and-waitresses-state27","7244113.2816","33455.77396","state27"
"waiters-and-waitresses-state19","1870462.776","11911.58272","state19"
"waiters-and-waitresses-state29","9454288.06148572","36324.1298","state29"
"waiters-and-waitresses-state38","887664.9036","4580.29584","state38"
"waiters-and-waitresses-state46","1231759.09851429","5598.83752","state46"
"waiters-and-waitresses-state31","3313301.44782857","14352.66614","state31"
"waiters-and-waitresses-state20","5114324.04222857","24774.0673","state20"
"waiters-and-waitresses-state10","1410910.81302857","7086.4045","state10"
"waiters-and-waitresses-state24","9280359.79165714","38130.93978","state24"
"waiters-and-waitresses-state11","998413.456114286","4037.55954","state11"
"waiters-and-waitresses-state51","15466358.8608","72168.25916","state51"
"waiters-and-waitresses-state54","2688198.68074286","10837.93682","state54"
"waiters-and-waitresses-state37","17237700.0973714","74421.29966","state37"
"waiters-and-waitresses-state45","9599510.07994286","42844.0091","state45"
"waiters-and-waitresses-state13","17813568.6936","74217.02696","state13"
"waiters-and-waitresses-state12","60924311.3448","231165.13326","state12"
"waiters-and-waitresses-state21","4431083.10977143","21149.66474","state21"
"waiters-and-waitresses-state47","12178580.7646286","48721.1761","state47"
"waiters-and-waitresses-state01","8651502.63497143","33162.78962","state01"
"waiters-and-waitresses-state28","4057875.80245714","18454.21226","state28"
"waiters-and-waitresses-state05","5045197.05788571","20011.87696","state05"
"waiters-and-waitresses-state22","7261939.42628571","30452.49844","state22"
"waiters-and-waitresses-state40","5953853.17251429","25322.83284","state40"
"waiters-and-waitresses-state48","63102767.7934286","238071.74296","state48"
"waiters-and-waitresses-state30","2095650.28302857","8735.10176","state30"
"waiters-and-waitresses-state16","3371805.86537143","15410.80312","state16"
"waiters-and-waitresses-state56","786319.779085714","3373.10388","state56"
"waiters-and-waitresses-state08","10002031.4628","38102.21468","state08"
"waiters-and-waitresses-state35","3584389.31725714","14248.31898","state35"
"waiters-and-waitresses-state04","13268731.9241143","50331.13432","state04"
"waiters-and-waitresses-state49","2601883.32034286","10035.05446","state49"
"waiters-and-waitresses-state32","12593117.1762857","46264.6379","state32"
"waiters-and-waitresses-state53","10211412.3776571","41464.3186","state53"
"waiters-and-waitresses-state41","6014825.11457143","25028.49856","state41"
"waiters-and-waitresses-state06","72724338.9913714","289736.16868","state06"
"waiters-and-waitresses-state02","1004747.64377143","3591.0081","state02"
"waiters-and-waitresses-state15","4321880.73154286","17213.33848","state15"
"childcare-workers-national","271385554.477886","989755.86502","national"
"cooks-chefs-national","752974713.123086","2544021.89544","national"
"counselors-national","480717529.225714","1533895.93308","national"
"dentists-national","199089730.960286","674648.39954","national"
"education-administrators-national","348234471.795943","988051.38576","national"
"elementary-and-middle-school-teachers-national","1189403887.35274","3585690.07894","national"
"food-managers-national","430552004.562686","1261489.0776","national"
"food-preparation-workers-national","593276136.478457","2254340.74858","national"
"hairdressers-hairstylists-and-cosmetologists-national","327556410.260571","1208515.1436","national"
"housekeeping-janitors-and-groundskeepers-national","1528249123.5516","5360945.9298","national"
"medical-and-health-services-managers-national","282516761.8644","799947.14322","national"
"medical-records-and-health-information-technicians-national","69037342.5495429","208501.11142","national"
"medical-specialists-therapists-national","464011823.635714","1521048.6431","national"
"miscellaneous-educational-instructional-national","520658319.612","1870148.23718","national"
"miscellaneous-health-praticioner-non-doctor-or-nurse-national","849984016.8312","2717414.86428","national"
"nurses-national","1386825563.39691","4397881.78442","national"
"nursing-psychiatric-and-home-health-aides-national","902575720.515771","3011247.75476","national"
"personal-care-aides-national","424132450.653943","1484239.80486","national"
"physicians-and-surgeons-national","379670171.6052","972706.17744","national"
"postsecondary-teachers-national","356366211.657943","1118865.39172","national"
"preschool-and-kindergarten-teachers-national","203948507.4672","660569.97284","national"
"secondary-school-teachers-national","344635287.069086","992481.21054","national"
"social-workers-national","569894819.016686","1720242.83376","national"
"teacher-assistants-national","391293796.8636","1405165.87588","national"
"waiters-and-waitresses-national","581507751.645086","2398800.86106","national"
